"","SNP","beta.exposure","se.exposure","effect_allele.exposure","other_allele.exposure","eaf.exposure","pval.exposure","units.exposure","gene.exposure","exposure","samplesize.exposure","id.exposure"
"1","rs151273313",-0.781,0.186613,"A","G",0.01356,4.78139563629e-06,"Units","vkf$gene","theobromine",1954,"5Hjm47"
"2","rs74642084",-0.387589,0.091081,"T","C",0.06679,1.68013598466e-07,"Units","vkf$gene","theobromine",1954,"5Hjm47"
"3","rs12694792",0.165534,0.042849,"T","C",0.5479,3.72078322532e-06,"Units","vkf$gene","theobromine",1954,"5Hjm47"
"5","rs303834",0.165718,0.049738,"T","C",0.2556,1.21437352187e-06,"Units","vkf$gene","theobromine",1954,"5Hjm47"
"8","rs4484184",0.18298,0.043116,"C","T",0.4465,3.99200091963e-06,"Units","vkf$gene","theobromine",1954,"5Hjm47"
"10","rs9883384",-0.565204,0.15428,"T","C",0.97851,2.57630311257e-06,"Units","vkf$gene","theobromine",1954,"5Hjm47"
"11","rs73238820",-0.333563,0.162663,"A","G",0.02124,4.64776651334e-06,"Units","vkf$gene","theobromine",1954,"5Hjm47"
"12","rs73248470",-0.646422,0.178242,"A","G",0.01714,9.44442091649e-07,"Units","vkf$gene","theobromine",1954,"5Hjm47"
"13","rs28802045",0.186078,0.044908,"C","T",0.654,4.06105107187e-06,"Units","vkf$gene","theobromine",1954,"5Hjm47"
"14","rs1837644",-0.513397,0.157155,"C","G",0.98337,2.41472899887e-06,"Units","vkf$gene","theobromine",1954,"5Hjm47"
"17","rs150532",-0.315783,0.095327,"G","T",0.94729,1.68832795386e-06,"Units","vkf$gene","theobromine",1954,"5Hjm47"
"20","rs6968554",0.17704,0.04405,"G","A",0.6149,1.85717566867e-06,"Units","vkf$gene","theobromine",1954,"5Hjm47"
"24","rs72615150",0.293555,0.074708,"T","C",0.09519,4.39938599315e-06,"Units","vkf$gene","theobromine",1954,"5Hjm47"
"25","rs7812163",0.158114,0.041942,"A","G",0.4368,1.61221023697e-06,"Units","vkf$gene","theobromine",1954,"5Hjm47"
"34","rs117051499",0.476379,0.126568,"A","T",0.02584,2.71850374894e-06,"Units","vkf$gene","theobromine",1954,"5Hjm47"
"48","rs7193370",0.173593,0.050143,"C","G",0.7669,4.27437039518e-06,"Units","vkf$gene","theobromine",1954,"5Hjm47"
"49","rs190661532",0.454021,0.113285,"G","C",0.03941,2.6430306607e-06,"Units","vkf$gene","theobromine",1954,"5Hjm47"
"50","rs45554334",-0.664987,0.135639,"T","C",0.02687,3.79835143605e-07,"Units","vkf$gene","theobromine",1954,"5Hjm47"
"51","rs76449849",-0.468797,0.120577,"A","G",0.03045,4.42241186987e-06,"Units","vkf$gene","theobromine",1954,"5Hjm47"
